priority,kind,name,stem,role,check,occurrences,files,used_in,status,notes
A,brand,DRAVINEX,DRAVINEX,competitor,"Trademark registers (USPTO and major markets), FDA drug name databases, web search",2,2,README.md; landscape/competitors.json,verified,Reviewed 2026-09-24
A,brand,KAVROSTA,KAVROSTA,competitor,"Trademark registers (USPTO and major markets), FDA drug name databases, web search",2,2,README.md; landscape/competitors.json,verified,Reviewed 2026-09-24
A,brand,LUMIRETH,LUMIRETH,competitor,"Trademark registers (USPTO and major markets), FDA drug name databases, web search",4,4,README.md; landscape/competitors.json; test-design/scenarios/hcp-inbound.json; test-design/scenarios/hcp-outbound.json,verified,Reviewed 2026-09-24
A,brand,NOVITHRA,NOVITHRA,competitor,"Trademark registers (USPTO and major markets), FDA drug name databases, web search",2,2,README.md; landscape/competitors.json,verified,Reviewed 2026-09-24
A,brand,ORRELIX,ORRELIX,competitor,"Trademark registers (USPTO and major markets), FDA drug name databases, web search",9,7,README.md; landscape/competitors.json; test-design/ps-known-gaps.json; test-design/scenarios/hcp-inbound.json; test-design/scenarios/hcp-outbound.json; test-design/scenarios/ps-conversations.json; ...,verified,Reviewed 2026-09-24
A,brand,QUORVANTA,QUORVANTA,product,"Trademark registers (USPTO and major markets), FDA drug name databases, web search",897,55,README.md; access/how-to-prescribe.md; access/specialty-pharmacy-network.json; access/start-form.json; access/start-form.md; channel/shipments.json; ...,verified,Reviewed 2026-09-24
A,brand,ZELMORVA,ZELMORVA,competitor,"Trademark registers (USPTO and major markets), FDA drug name databases, web search",2,2,README.md; landscape/competitors.json,verified,Reviewed 2026-09-24
A,nonproprietary,dalvotinib,dalvotinib,competitor,"WHO INN and USAN lists, chemical name databases, web search",1,1,landscape/competitors.json,verified,Reviewed 2026-09-24
A,nonproprietary,dimethyl tavorate,dimethyl tavorate,product predecessor,"WHO INN and USAN lists, chemical name databases, web search",344,32,README.md; access/start-form.json; access/start-form.md; claims/claims-library.json; claims/references.json; claims/references.md; ...,verified,Reviewed 2026-09-24
A,nonproprietary,hydroxypropyl glavorimide,hydroxypropyl glavorimide,inactive metabolite,"WHO INN and USAN lists, chemical name databases, web search",7,7,README.md; claims/references.json; claims/references.md; label/label-spl.xml; label/label.md; medical-information/srds.json; ...,verified,Reviewed 2026-09-24
A,nonproprietary,monomethyl tavorate,monomethyl tavorate,active metabolite,"WHO INN and USAN lists, chemical name databases, web search",22,11,README.md; claims/claims-library.json; claims/references.json; claims/references.md; crm/approved-emails.json; label/label-spl.xml; ...,verified,Reviewed 2026-09-24
A,nonproprietary,ostracladine,ostracladine,competitor,"WHO INN and USAN lists, chemical name databases, web search",1,1,landscape/competitors.json,verified,Reviewed 2026-09-24
A,nonproprietary,pentarimod,pentarimod,competitor,"WHO INN and USAN lists, chemical name databases, web search",1,1,landscape/competitors.json,verified,Reviewed 2026-09-24
A,nonproprietary,rekavrin zeta-1b,rekavrin zeta-1b,competitor,"WHO INN and USAN lists, chemical name databases, web search",1,1,landscape/competitors.json,verified,Reviewed 2026-09-24
A,nonproprietary,soriximel tavorate,soriximel tavorate,product,"WHO INN and USAN lists, chemical name databases, web search",131,24,README.md; channel/shipments.json; claims/claims-library.json; claims/references.json; claims/references.md; crm/approved-emails.json; ...,verified,Reviewed 2026-09-24
A,nonproprietary,sulvaramer acetate,sulvaramer acetate,competitor,"WHO INN and USAN lists, chemical name databases, web search",2,1,landscape/competitors.json,verified,Reviewed 2026-09-24
A,nonproprietary,tenlisumab,tenlisumab,competitor,"WHO INN and USAN lists, chemical name databases, web search",1,1,landscape/competitors.json,verified,Reviewed 2026-09-24
A,company,Arden Quay Biosciences,Arden Quay Biosciences,manufacturer,"Company registries, trademark registers, web search",153,36,README.md; access/start-form.json; access/start-form.md; channel/shipments.json; channel/trading-partners.json; claims/claims-library.json; ...,verified,Reviewed 2026-09-24
A,company,Carrow Point Pharma,Carrow Point Pharma,competitor company,"Company registries, trademark registers, web search",1,1,landscape/competitors.json,verified,Reviewed 2026-09-24
A,company,Hollin & Marsh Therapeutics,Hollin & Marsh Therapeutics,competitor company,"Company registries, trademark registers, web search",1,1,landscape/competitors.json,verified,Reviewed 2026-09-24
A,company,Ondine Neuroscience,Ondine Neuroscience,competitor company,"Company registries, trademark registers, web search",1,1,landscape/competitors.json,verified,Reviewed 2026-09-24
A,company,Pellmont Pharma,Pellmont Pharma,competitor company,"Company registries, trademark registers, web search",1,1,landscape/competitors.json,verified,Reviewed 2026-09-24
A,company,Stellbrook Pharmaceuticals,Stellbrook Pharmaceuticals,competitor company,"Company registries, trademark registers, web search",1,1,landscape/competitors.json,verified,Reviewed 2026-09-24
A,company,Veyla Biologics,Veyla Biologics,competitor company,"Company registries, trademark registers, web search",1,1,landscape/competitors.json,verified,Reviewed 2026-09-24
A,program,Arden Quay Patient Assistance Foundation,Arden Quay Patient Assistance Foundation,patient assistance foundation,"Trademark registers, web search (patient support programs, foundations, registries)",25,12,README.md; claims/claims-library.json; claims/references.json; claims/references.md; patient-services/agent-scripts.md; patient-services/bi-letters.md; ...,verified,Reviewed 2026-09-24
A,program,QUORVANTA Pregnancy Registry,QUORVANTA Pregnancy Registry,pregnancy exposure registry,"Trademark registers, web search (patient support programs, foundations, registries)",1,1,label/patient-information.md,verified,Reviewed 2026-09-24
A,program,QuorvantaConnect,QuorvantaConnect,patient support program,"Trademark registers, web search (patient support programs, foundations, registries)",230,34,README.md; access/how-to-prescribe.md; access/specialty-pharmacy-network.json; access/start-form.json; access/start-form.md; claims/claims-library.json; ...,verified,Reviewed 2026-09-24
A,ticker,AQBX,AQBX,stock ticker in the press releases (Nasdaq),Stock exchange symbol lookup,3,3,press/2022-10-18-phase-3-topline.md; press/2024-01-22-fda-approval.md; press/2024-02-26-commercial-availability.md,verified,Reviewed 2026-09-24
A,trial,BRIGHTWATER,BRIGHTWATER,study name,"Clinical trial registries (study acronyms), web search",19,8,README.md; claims/references.json; claims/references.md; medical-information/srds.json; medical-information/srds.md; press/2024-01-22-fda-approval.md; ...,verified,Reviewed 2026-09-24
A,trial,CASTLEREAGH,CASTLEREAGH,study name,"Clinical trial registries (study acronyms), web search",23,10,README.md; claims/references.json; claims/references.md; landscape/competitors.json; medical-information/srds.json; medical-information/srds.md; ...,verified,Reviewed 2026-09-24
A,trial,EVERGARTER,EVERGARTER,study name,"Clinical trial registries (study acronyms), web search",15,3,README.md; press/2022-10-18-phase-3-topline.md; press/2024-01-22-fda-approval.md,verified,Reviewed 2026-09-24
A,trial,EVERGARTER-1,EVERGARTER-1,study name,"Clinical trial registries (study acronyms), web search",4,2,README.md; press/2022-10-18-phase-3-topline.md,verified,Reviewed 2026-09-24
A,trial,EVERGARTER-2,EVERGARTER-2,study name,"Clinical trial registries (study acronyms), web search",3,1,press/2022-10-18-phase-3-topline.md,verified,Reviewed 2026-09-24
A,disease,Brennick Functional Scale,Brennick Functional Scale,disability scale,"Medical terminologies and literature, web search",16,11,README.md; claims/claims-library.json; claims/references.json; claims/references.md; disease/brennick-syndrome-overview.md; disease/disease-facts.json; ...,verified,Reviewed 2026-09-24
A,disease,Brennick syndrome,Brennick syndrome,condition,"Medical terminologies and literature, web search",161,31,README.md; access/start-form.json; access/start-form.md; claims/claims-library.json; claims/references.json; claims/references.md; ...,verified,Reviewed 2026-09-24
A,reference,Jev,Jev,"sources/README.md, claim schema section",A real product or vendor named in prose; decide whether it may stay,1,1,README.md,verified,Reviewed 2026-09-24
B,organization,Annals of Drug Safety Surveillance,Annals of Drug Safety Surveillance,"journal, meeting or preprint server",Web search; professional bodies and journals,4,2,claims/references.json; claims/references.md,verified,Reviewed 2026-09-24
B,organization,Archives of Relapsing Neuroinflammatory Disease,Archives of Relapsing Neuroinflammatory Disease,"journal, meeting or preprint server",Web search; professional bodies and journals,8,2,claims/references.json; claims/references.md,verified,Reviewed 2026-09-24
B,organization,Brennick Syndrome Research and Treatment,Brennick Syndrome Research and Treatment,"journal, meeting or preprint server",Web search; professional bodies and journals,14,2,claims/references.json; claims/references.md,verified,Reviewed 2026-09-24
B,organization,BRIGHTWATER Study Group,BRIGHTWATER Study Group,study group,Web search; professional bodies and journals,2,2,claims/references.json; claims/references.md,verified,Reviewed 2026-09-24
B,organization,BrS Preprints,BrS Preprints,"journal, meeting or preprint server",Web search; professional bodies and journals,2,2,claims/references.json; claims/references.md,verified,Reviewed 2026-09-24
B,organization,CASTLEREAGH Study Group,CASTLEREAGH Study Group,study group,Web search; professional bodies and journals,2,2,claims/references.json; claims/references.md,verified,Reviewed 2026-09-24
B,organization,International Brennick Syndrome Consortium,International Brennick Syndrome Consortium,disease body,Web search; professional bodies and journals,7,3,README.md; claims/references.json; claims/references.md,verified,Reviewed 2026-09-24
B,organization,International Brennick Syndrome Consortium (IBSC) Annual Meeting,International Brennick Syndrome Consortium (IBSC) Annual Meeting,"journal, meeting or preprint server",Web search; professional bodies and journals,4,2,claims/references.json; claims/references.md,verified,Reviewed 2026-09-24
B,organization,International Brennick Syndrome Consortium Treatment Guideline Group,International Brennick Syndrome Consortium Treatment Guideline Group,study group,Web search; professional bodies and journals,2,2,claims/references.json; claims/references.md,verified,Reviewed 2026-09-24
B,organization,Journal of Relapsing Neuroinflammatory Disease,Journal of Relapsing Neuroinflammatory Disease,"journal, meeting or preprint server",Web search; professional bodies and journals,2,2,claims/references.json; claims/references.md,verified,Reviewed 2026-09-24
B,organization,Journal of Tavorate Pharmacology,Journal of Tavorate Pharmacology,"journal, meeting or preprint server",Web search; professional bodies and journals,14,2,claims/references.json; claims/references.md,verified,Reviewed 2026-09-24
B,organization,Neuroepidemiology Reports,Neuroepidemiology Reports,"journal, meeting or preprint server",Web search; professional bodies and journals,2,2,claims/references.json; claims/references.md,verified,Reviewed 2026-09-24
B,payer,Brightfield Employer Health EPO,Brightfield,health plan,"Health plan, PBM and insurer names; trademark registers, web search",37,4,payer/formulary-fhir.json; payer/plans.json; population/patients.json; test-design/ps-cases.json,verified,Reviewed 2026-09-24
B,payer,Brightfield Employer Health HDHP,Brightfield,health plan,"Health plan, PBM and insurer names; trademark registers, web search",42,3,payer/plans.json; population/patients.json; test-design/ps-cases.json,verified,Reviewed 2026-09-24
B,payer,Brightfield Employer Health PPO,Brightfield,health plan,"Health plan, PBM and insurer names; trademark registers, web search",36,3,payer/plans.json; population/patients.json; test-design/ps-cases.json,verified,Reviewed 2026-09-24
B,payer,Brightfield Rx Services,Brightfield,pharmacy benefit processor,"Health plan, PBM and insurer names; trademark registers, web search",1,1,payer/plans.json,verified,Reviewed 2026-09-24
B,payer,Cairnwell Benefits,Cairnwell,pharmacy parent,"Health plan, PBM and insurer names; trademark registers, web search",2,2,access/specialty-pharmacy-network.json; payer/plans.json,verified,Reviewed 2026-09-24
B,payer,Cairnwell Choice HMO,Cairnwell,health plan,"Health plan, PBM and insurer names; trademark registers, web search",31,3,payer/plans.json; population/patients.json; test-design/ps-cases.json,verified,Reviewed 2026-09-24
B,payer,Halverson Health Employee Plan,Halverson,health plan,"Health plan, PBM and insurer names; trademark registers, web search",7,4,payer/formulary-fhir.json; payer/plans.json; population/patients.json; test-design/ps-cases.json,verified,Reviewed 2026-09-24
B,payer,Halverson Health Plan Services,Halverson,pharmacy benefit processor,"Health plan, PBM and insurer names; trademark registers, web search",1,1,payer/plans.json,verified,Reviewed 2026-09-24
B,payer,Harborline Health Plans pharmacy benefits,Harborline,pharmacy benefit processor,"Health plan, PBM and insurer names; trademark registers, web search",1,1,payer/plans.json,verified,Reviewed 2026-09-24
B,payer,Harborline Marketplace Bronze,Harborline,health plan,"Health plan, PBM and insurer names; trademark registers, web search",38,3,payer/plans.json; population/patients.json; test-design/ps-cases.json,verified,Reviewed 2026-09-24
B,payer,Harborline Marketplace Gold,Harborline,health plan,"Health plan, PBM and insurer names; trademark registers, web search",26,3,payer/plans.json; population/patients.json; test-design/ps-cases.json,verified,Reviewed 2026-09-24
B,payer,Harborline Marketplace Silver,Harborline,health plan,"Health plan, PBM and insurer names; trademark registers, web search",44,3,payer/plans.json; population/patients.json; test-design/ps-cases.json,verified,Reviewed 2026-09-24
B,payer,Keystone Crest Health pharmacy benefits,Keystone Crest,pharmacy benefit processor,"Health plan, PBM and insurer names; trademark registers, web search",1,1,payer/plans.json,verified,Reviewed 2026-09-24
B,payer,Keystone Crest Medicare Advantage,Keystone Crest,health plan,"Health plan, PBM and insurer names; trademark registers, web search",55,4,payer/formulary-fhir.json; payer/plans.json; population/patients.json; test-design/ps-cases.json,verified,Reviewed 2026-09-24
B,payer,Lakeshore Community Care (Medicaid),Lakeshore,health plan,"Health plan, PBM and insurer names; trademark registers, web search",10,3,payer/plans.json; population/patients.json; test-design/ps-cases.json,verified,Reviewed 2026-09-24
B,payer,Lakeshore Community Care pharmacy benefits,Lakeshore,pharmacy benefit processor,"Health plan, PBM and insurer names; trademark registers, web search",1,1,payer/plans.json,verified,Reviewed 2026-09-24
B,payer,Northumber Health,Northumber,pharmacy parent,"Health plan, PBM and insurer names; trademark registers, web search",41,8,access/how-to-prescribe.md; access/specialty-pharmacy-network.json; payer/formulary-fhir.json; payer/plans.json; population/patients.json; test-design/ps-cases.json; ...,verified,Reviewed 2026-09-24
B,payer,Northumber Health pharmacy benefits,Northumber,pharmacy benefit processor,"Health plan, PBM and insurer names; trademark registers, web search",1,1,payer/plans.json,verified,Reviewed 2026-09-24
B,payer,Northumber Health PPO,Northumber,health plan,"Health plan, PBM and insurer names; trademark registers, web search",33,3,payer/plans.json; population/patients.json; test-design/ps-cases.json,verified,Reviewed 2026-09-24
B,payer,Northumber Medicare Part D,Northumber,health plan,"Health plan, PBM and insurer names; trademark registers, web search",65,4,payer/formulary-fhir.json; payer/plans.json; population/patients.json; test-design/ps-cases.json,verified,Reviewed 2026-09-24
B,payer,Summitline Benefits,Summitline,pharmacy benefit processor,"Health plan, PBM and insurer names; trademark registers, web search",1,1,payer/plans.json,verified,Reviewed 2026-09-24
B,payer,Summitline Employer Plan,Summitline,health plan,"Health plan, PBM and insurer names; trademark registers, web search",42,4,payer/formulary-fhir.json; payer/plans.json; population/patients.json; test-design/ps-cases.json,verified,Reviewed 2026-09-24
B,payer,Tallgrass Community Health (Medicaid),Tallgrass,health plan,"Health plan, PBM and insurer names; trademark registers, web search",5,2,payer/plans.json; population/patients.json,verified,Reviewed 2026-09-24
B,payer,Tallgrass Community Health pharmacy benefits,Tallgrass,pharmacy benefit processor,"Health plan, PBM and insurer names; trademark registers, web search",1,1,payer/plans.json,verified,Reviewed 2026-09-24
B,pharmacy,Cairnwell Specialty,Cairnwell,specialty pharmacy network,"Pharmacy and specialty pharmacy names; state board listings, web search",18,11,README.md; access/how-to-prescribe.md; access/specialty-pharmacy-network.json; channel/shipments.json; channel/trading-partners.json; claims/claims-library.json; ...,verified,Reviewed 2026-09-24
B,pharmacy,Halverson Health System Pharmacy,Halverson,specialty pharmacy network,"Pharmacy and specialty pharmacy names; state board listings, web search",18,12,access/how-to-prescribe.md; access/specialty-pharmacy-network.json; access/start-form.json; access/start-form.md; channel/shipments.json; channel/trading-partners.json; ...,verified,Reviewed 2026-09-24
B,pharmacy,Melbrook Specialty Pharmacy,Melbrook,specialty pharmacy network,"Pharmacy and specialty pharmacy names; state board listings, web search",28,12,access/how-to-prescribe.md; access/specialty-pharmacy-network.json; access/start-form.json; access/start-form.md; channel/shipments.json; channel/trading-partners.json; ...,verified,Reviewed 2026-09-24
B,pharmacy,Northumber Rx Specialty,Northumber,specialty pharmacy network,"Pharmacy and specialty pharmacy names; state board listings, web search",19,11,access/how-to-prescribe.md; access/specialty-pharmacy-network.json; channel/shipments.json; channel/trading-partners.json; claims/claims-library.json; claims/references.json; ...,verified,Reviewed 2026-09-24
B,pharmacy,Summitline Specialty,Summitline,plan-mandated pharmacy outside the network,"Pharmacy and specialty pharmacy names; state board listings, web search",2,2,payer/plans.json; test-design/ps-cases.json,verified,Reviewed 2026-09-24
B,pharmacy,Tigerwater Specialty Pharmacy,Tigerwater,specialty pharmacy network,"Pharmacy and specialty pharmacy names; state board listings, web search",30,18,access/how-to-prescribe.md; access/specialty-pharmacy-network.json; access/start-form.json; access/start-form.md; channel/shipments.json; channel/trading-partners.json; ...,verified,Reviewed 2026-09-24
B,provider,Alderdale Health,Alderdale,generated office,"Practice, clinic and health system names; web search",3,2,population/labs.json; population/offices.json,verified,Reviewed 2026-09-24
B,provider,Aldershaw Neurological Care,Aldershaw,generated office,"Practice, clinic and health system names; web search",1,1,population/offices.json,verified,Reviewed 2026-09-24
B,provider,Alderstead Neurology Clinic,Alderstead,generated office,"Practice, clinic and health system names; web search",1,1,population/offices.json,verified,Reviewed 2026-09-24
B,provider,Aldervale Neurology Associates,Aldervale,generated office,"Practice, clinic and health system names; web search",1,1,population/offices.json,verified,Reviewed 2026-09-24
B,provider,Arroyo Linden Neurology,Arroyo Linden,account in crm/field-force.json,"Practice, clinic and health system names; web search",2,2,crm/field-force.json; test-design/scenarios/ae-intake.json,verified,Reviewed 2026-09-24
B,provider,Ashbrook Lane Neurology,Ashbrook Lane,account in crm/field-force.json,"Practice, clinic and health system names; web search",1,1,crm/field-force.json,verified,Reviewed 2026-09-24
B,provider,Bellwood Hollow Clinic,Bellwood Hollow,account in crm/field-force.json,"Practice, clinic and health system names; web search",2,2,crm/field-force.json; test-design/scenarios/ae-intake.json,verified,Reviewed 2026-09-24
B,provider,Bitterndale Medical Group,Bitterndale,generated office,"Practice, clinic and health system names; web search",2,2,population/labs.json; population/offices.json,verified,Reviewed 2026-09-24
B,provider,Bitternford Health,Bitternford,generated office,"Practice, clinic and health system names; web search",9,2,population/labs.json; population/offices.json,verified,Reviewed 2026-09-24
B,provider,Bitternhurst Neuroscience Institute,Bitternhurst,generated office,"Practice, clinic and health system names; web search",2,2,population/labs.json; population/offices.json,verified,Reviewed 2026-09-24
B,provider,Bitternshaw Physicians,Bitternshaw,generated office,"Practice, clinic and health system names; web search",2,2,population/labs.json; population/offices.json,verified,Reviewed 2026-09-24
B,provider,Bramblebrook Medical Group,Bramblebrook,generated office,"Practice, clinic and health system names; web search",2,2,population/labs.json; population/offices.json,verified,Reviewed 2026-09-24
B,provider,Bramblefell Neurology,Bramblefell,generated office,"Practice, clinic and health system names; web search",1,1,population/offices.json,verified,Reviewed 2026-09-24
B,provider,Bramblehaven Neurology,Bramblehaven,generated office,"Practice, clinic and health system names; web search",1,1,population/offices.json,verified,Reviewed 2026-09-24
B,provider,Bramblehithe Medical Group,Bramblehithe,generated office,"Practice, clinic and health system names; web search",2,2,population/labs.json; population/offices.json,verified,Reviewed 2026-09-24
B,provider,Brindlewood Neurology,Brindlewood,account in crm/field-force.json,"Practice, clinic and health system names; web search",2,2,crm/field-force.json; test-design/scenarios/ae-intake.json,verified,Reviewed 2026-09-24
B,provider,Burdockcrest Physicians,Burdockcrest,generated office,"Practice, clinic and health system names; web search",2,2,population/labs.json; population/offices.json,verified,Reviewed 2026-09-24
B,provider,Burdockhollow Neurology Associates,Burdockhollow,generated office,"Practice, clinic and health system names; web search",1,1,population/offices.json,verified,Reviewed 2026-09-24
B,provider,Burdockhurst Physicians,Burdockhurst,generated office,"Practice, clinic and health system names; web search",1,1,population/offices.json,verified,Reviewed 2026-09-24
B,provider,Burdockmere Neuroscience Institute,Burdockmere,generated office,"Practice, clinic and health system names; web search",2,2,population/labs.json; population/offices.json,verified,Reviewed 2026-09-24
B,provider,Campionford Neurological Care,Campionford,generated office,"Practice, clinic and health system names; web search",2,1,population/offices.json,verified,Reviewed 2026-09-24
B,provider,Campionhollow Physicians,Campionhollow,generated office,"Practice, clinic and health system names; web search",2,2,population/labs.json; population/offices.json,verified,Reviewed 2026-09-24
B,provider,Campionhurst Medical Group,Campionhurst,generated office,"Practice, clinic and health system names; web search",1,1,population/offices.json,verified,Reviewed 2026-09-24
B,provider,Campionridge Neurology Clinic,Campionridge,generated office,"Practice, clinic and health system names; web search",1,1,population/offices.json,verified,Reviewed 2026-09-24
B,provider,Campionworth Community Health Center,Campionworth,generated office,"Practice, clinic and health system names; web search",1,1,population/offices.json,verified,Reviewed 2026-09-24
B,provider,Cedarmoss Neurology,Cedarmoss,account in crm/field-force.json,"Practice, clinic and health system names; web search",1,1,crm/field-force.json,verified,Reviewed 2026-09-24
B,provider,Cinderfell Neurology Clinic,Cinderfell,generated office,"Practice, clinic and health system names; web search",1,1,population/offices.json,verified,Reviewed 2026-09-24
B,provider,Cinderford Neurology Associates,Cinderford,generated office,"Practice, clinic and health system names; web search",1,1,population/offices.json,verified,Reviewed 2026-09-24
B,provider,Cinderhaven Neurology Associates,Cinderhaven,generated office,"Practice, clinic and health system names; web search",1,1,population/offices.json,verified,Reviewed 2026-09-24
B,provider,Cindermere Health Partners,Cindermere,generated office,"Practice, clinic and health system names; web search",1,1,population/offices.json,verified,Reviewed 2026-09-24
B,provider,Coquina Shore Neurology,Coquina Shore,account in crm/field-force.json,"Practice, clinic and health system names; web search",1,1,crm/field-force.json,verified,Reviewed 2026-09-24
B,provider,Cypress Landing Neurology,Cypress Landing,account in crm/field-force.json,"Practice, clinic and health system names; web search",1,1,crm/field-force.json,verified,Reviewed 2026-09-24
B,provider,Eastmere Neurological Institute,Eastmere,account in crm/field-force.json,"Practice, clinic and health system names; web search",3,2,crm/field-force.json; test-design/scenarios/ae-intake.json,verified,Reviewed 2026-09-24
B,provider,Fennelcombe Physicians,Fennelcombe,generated office,"Practice, clinic and health system names; web search",2,2,population/labs.json; population/offices.json,verified,Reviewed 2026-09-24
B,provider,Fennelcrest Neurology,Fennelcrest,generated office,"Practice, clinic and health system names; web search",1,1,population/offices.json,verified,Reviewed 2026-09-24
B,provider,Fennelhithe Neurological Care,Fennelhithe,generated office,"Practice, clinic and health system names; web search",1,1,population/offices.json,verified,Reviewed 2026-09-24
B,provider,Fennelshaw Neurological Care,Fennelshaw,generated office,"Practice, clinic and health system names; web search",1,1,population/offices.json,verified,Reviewed 2026-09-24
B,provider,Fennelwick Community Health Center,Fennelwick,generated office,"Practice, clinic and health system names; web search",1,1,population/offices.json,verified,Reviewed 2026-09-24
B,provider,Fenwick Hollow Neurology Associates,Fenwick Hollow,account in crm/field-force.json,"Practice, clinic and health system names; web search",1,1,crm/field-force.json,verified,Reviewed 2026-09-24
B,provider,Gorsecrest Health Partners,Gorsecrest,generated office,"Practice, clinic and health system names; web search",1,1,population/offices.json,verified,Reviewed 2026-09-24
B,provider,Gorsemere Neurological Care,Gorsemere,generated office,"Practice, clinic and health system names; web search",1,1,population/offices.json,verified,Reviewed 2026-09-24
B,provider,Gorseworth Community Health Center,Gorseworth,generated office,"Practice, clinic and health system names; web search",1,1,population/offices.json,verified,Reviewed 2026-09-24
B,provider,Gullhaven Neurology,Gullhaven,account in crm/field-force.json,"Practice, clinic and health system names; web search",1,1,crm/field-force.json,verified,Reviewed 2026-09-24
B,provider,Halverson Health,Halverson,pharmacy parent,"Practice, clinic and health system names; web search",37,18,README.md; access/how-to-prescribe.md; access/specialty-pharmacy-network.json; access/start-form.json; access/start-form.md; channel/shipments.json; ...,verified,Reviewed 2026-09-24
B,provider,Halverson Health Neuroscience Clinic,Halverson,account in crm/field-force.json,"Practice, clinic and health system names; web search",1,1,crm/field-force.json,verified,Reviewed 2026-09-24
B,provider,Heronfell Neurology,Heronfell,generated office,"Practice, clinic and health system names; web search",1,1,population/offices.json,verified,Reviewed 2026-09-24
B,provider,Heronmere Neurology Clinic,Heronmere,generated office,"Practice, clinic and health system names; web search",1,1,population/offices.json,verified,Reviewed 2026-09-24
B,provider,Heronshaw Health Partners,Heronshaw,generated office,"Practice, clinic and health system names; web search",2,2,population/labs.json; population/offices.json,verified,Reviewed 2026-09-24
B,provider,Juniper Mesa Clinic,Juniper Mesa,account in crm/field-force.json,"Practice, clinic and health system names; web search",2,2,crm/field-force.json; test-design/scenarios/ae-intake.json,verified,Reviewed 2026-09-24
B,provider,Juniperbrook Neurology,Juniperbrook,generated office,"Practice, clinic and health system names; web search",1,1,population/offices.json,verified,Reviewed 2026-09-24
B,provider,Juniperdale Neurology Associates,Juniperdale,generated office,"Practice, clinic and health system names; web search",1,1,population/offices.json,verified,Reviewed 2026-09-24
B,provider,Junipergate Neurology Associates,Junipergate,generated office,"Practice, clinic and health system names; web search",1,1,population/offices.json,verified,Reviewed 2026-09-24
B,provider,Junipermere Neuroscience Institute,Junipermere,generated office,"Practice, clinic and health system names; web search",2,2,population/labs.json; population/offices.json,verified,Reviewed 2026-09-24
B,provider,Juniperstead Neuroscience Institute,Juniperstead,generated office,"Practice, clinic and health system names; web search",2,2,population/labs.json; population/offices.json,verified,Reviewed 2026-09-24
B,provider,Junipervale Neurological Care,Junipervale,generated office,"Practice, clinic and health system names; web search",1,1,population/offices.json,verified,Reviewed 2026-09-24
B,provider,Keelhaven Neurology Center,Keelhaven,account in crm/field-force.json,"Practice, clinic and health system names; web search",1,1,crm/field-force.json,verified,Reviewed 2026-09-24
B,provider,Kestrelridge Neurological Care,Kestrelridge,generated office,"Practice, clinic and health system names; web search",1,1,population/offices.json,verified,Reviewed 2026-09-24
B,provider,Larchcombe Neurology Clinic,Larchcombe,generated office,"Practice, clinic and health system names; web search",1,1,population/offices.json,verified,Reviewed 2026-09-24
B,provider,Larchcrest Physicians,Larchcrest,generated office,"Practice, clinic and health system names; web search",2,1,population/offices.json,verified,Reviewed 2026-09-24
B,provider,Larchhollow Neurological Care,Larchhollow,generated office,"Practice, clinic and health system names; web search",1,1,population/offices.json,verified,Reviewed 2026-09-24
B,provider,Larchmoor Medical Group,Larchmoor,generated office,"Practice, clinic and health system names; web search",2,2,population/labs.json; population/offices.json,verified,Reviewed 2026-09-24
B,provider,Larkspur Peak Neurology,Larkspur Peak,account in crm/field-force.json,"Practice, clinic and health system names; web search",1,1,crm/field-force.json,verified,Reviewed 2026-09-24
B,provider,Lindencrest Neurology Associates,Lindencrest,generated office,"Practice, clinic and health system names; web search",1,1,population/offices.json,verified,Reviewed 2026-09-24
B,provider,Lindenhithe Health,Lindenhithe,generated office,"Practice, clinic and health system names; web search",6,2,population/labs.json; population/offices.json,verified,Reviewed 2026-09-24
B,provider,Lindenmere Neurology,Lindenmere,generated office,"Practice, clinic and health system names; web search",1,1,population/offices.json,verified,Reviewed 2026-09-24
B,provider,Marrambrook Neurology,Marrambrook,generated office,"Practice, clinic and health system names; web search",1,1,population/offices.json,verified,Reviewed 2026-09-24
B,provider,Marramdale Neurology,Marramdale,generated office,"Practice, clinic and health system names; web search",1,1,population/offices.json,verified,Reviewed 2026-09-24
B,provider,Marrammere Health,Marrammere,generated office,"Practice, clinic and health system names; web search",2,2,population/labs.json; population/offices.json,verified,Reviewed 2026-09-24
B,provider,Marrowdale Neurology,Marrowdale,account in crm/field-force.json,"Practice, clinic and health system names; web search",2,2,crm/field-force.json; test-design/scenarios/ae-intake.json,verified,Reviewed 2026-09-24
B,provider,Mesquite Ridge Neurology,Mesquite Ridge,account in crm/field-force.json,"Practice, clinic and health system names; web search",1,1,crm/field-force.json,verified,Reviewed 2026-09-24
B,provider,Nettlehollow Neurology,Nettlehollow,generated office,"Practice, clinic and health system names; web search",1,1,population/offices.json,verified,Reviewed 2026-09-24
B,provider,Nettleshaw Neurology Associates,Nettleshaw,generated office,"Practice, clinic and health system names; web search",1,1,population/offices.json,verified,Reviewed 2026-09-24
B,provider,Nettlevale Neurology Center,Nettlevale,generated office,"Practice, clinic and health system names; web search",2,2,population/labs.json; population/offices.json,verified,Reviewed 2026-09-24
B,provider,Norwood Chase Neurology,Norwood Chase,account in crm/field-force.json,"Practice, clinic and health system names; web search",1,1,crm/field-force.json,verified,Reviewed 2026-09-24
B,provider,Otterdale Health,Otterdale,generated office,"Practice, clinic and health system names; web search",4,2,population/labs.json; population/offices.json,verified,Reviewed 2026-09-24
B,provider,Ottervale Medical Group,Ottervale,generated office,"Practice, clinic and health system names; web search",2,2,population/labs.json; population/offices.json,verified,Reviewed 2026-09-24
B,provider,Otterwick Neurology Associates,Otterwick,generated office,"Practice, clinic and health system names; web search",1,1,population/offices.json,verified,Reviewed 2026-09-24
B,provider,Pecanvale Neurology,Pecanvale,account in crm/field-force.json,"Practice, clinic and health system names; web search",2,2,crm/field-force.json; test-design/scenarios/ae-intake.json,verified,Reviewed 2026-09-24
B,provider,Ploverdale Neurology Clinic,Ploverdale,generated office,"Practice, clinic and health system names; web search",1,1,population/offices.json,verified,Reviewed 2026-09-24
B,provider,Plovergate Neurology,Plovergate,generated office,"Practice, clinic and health system names; web search",1,1,population/offices.json,verified,Reviewed 2026-09-24
B,provider,Ploverhithe Neurological Care,Ploverhithe,generated office,"Practice, clinic and health system names; web search",1,1,population/offices.json,verified,Reviewed 2026-09-24
B,provider,Plovervale Health,Plovervale,generated office,"Practice, clinic and health system names; web search",8,2,population/labs.json; population/offices.json,verified,Reviewed 2026-09-24
B,provider,Quillbrook Health Partners,Quillbrook,generated office,"Practice, clinic and health system names; web search",2,2,population/labs.json; population/offices.json,verified,Reviewed 2026-09-24
B,provider,Quillfield Medical Group,Quillfield,account in crm/field-force.json,"Practice, clinic and health system names; web search",1,1,crm/field-force.json,verified,Reviewed 2026-09-24
B,provider,Quillford Community Health Center,Quillford,generated office,"Practice, clinic and health system names; web search",1,1,population/offices.json,verified,Reviewed 2026-09-24
B,provider,Quillhithe Family Health Center,Quillhithe,generated office,"Practice, clinic and health system names; web search",1,1,population/offices.json,verified,Reviewed 2026-09-24
B,provider,Quillhurst Health,Quillhurst,generated office,"Practice, clinic and health system names; web search",4,2,population/labs.json; population/offices.json,verified,Reviewed 2026-09-24
B,provider,Quillshaw Health,Quillshaw,generated office,"Practice, clinic and health system names; web search",3,2,population/labs.json; population/offices.json,verified,Reviewed 2026-09-24
B,provider,Quillstead Neurology Associates,Quillstead,generated office,"Practice, clinic and health system names; web search",1,1,population/offices.json,verified,Reviewed 2026-09-24
B,provider,Quillwick Neurology,Quillwick,generated office,"Practice, clinic and health system names; web search",1,1,population/offices.json,verified,Reviewed 2026-09-24
B,provider,Riverlet Neurology,Riverlet,account in crm/field-force.json,"Practice, clinic and health system names; web search",1,1,crm/field-force.json,verified,Reviewed 2026-09-24
B,provider,Rowanbrook Neurology Associates,Rowanbrook,generated office,"Practice, clinic and health system names; web search",1,1,population/offices.json,verified,Reviewed 2026-09-24
B,provider,Rowanford Neurology Associates,Rowanford,generated office,"Practice, clinic and health system names; web search",1,1,population/offices.json,verified,Reviewed 2026-09-24
B,provider,Rowanhollow Neurological Care,Rowanhollow,generated office,"Practice, clinic and health system names; web search",1,1,population/offices.json,verified,Reviewed 2026-09-24
B,provider,Rowanworth Neurology,Rowanworth,generated office,"Practice, clinic and health system names; web search",1,1,population/offices.json,verified,Reviewed 2026-09-24
B,provider,Sablecrest Medical Group,Sablecrest,generated office,"Practice, clinic and health system names; web search",2,2,population/labs.json; population/offices.json,verified,Reviewed 2026-09-24
B,provider,Sableford Neurology,Sableford,generated office,"Practice, clinic and health system names; web search",1,1,population/offices.json,verified,Reviewed 2026-09-24
B,provider,Sablehaven Health Partners,Sablehaven,generated office,"Practice, clinic and health system names; web search",1,1,population/offices.json,verified,Reviewed 2026-09-24
B,provider,Sablehollow Neurology Clinic,Sablehollow,generated office,"Practice, clinic and health system names; web search",1,1,population/offices.json,verified,Reviewed 2026-09-24
B,provider,Saltgrass Neurology,Saltgrass,account in crm/field-force.json,"Practice, clinic and health system names; web search",1,1,crm/field-force.json,verified,Reviewed 2026-09-24
B,provider,Sedgehollow Health Partners,Sedgehollow,generated office,"Practice, clinic and health system names; web search",1,1,population/offices.json,verified,Reviewed 2026-09-24
B,provider,Sloewick Community Health Center,Sloewick,generated office,"Practice, clinic and health system names; web search",1,1,population/offices.json,verified,Reviewed 2026-09-24
B,provider,Sloeworth Health Partners,Sloeworth,generated office,"Practice, clinic and health system names; web search",2,2,population/labs.json; population/offices.json,verified,Reviewed 2026-09-24
B,provider,Sorreldale Neurological Care,Sorreldale,generated office,"Practice, clinic and health system names; web search",1,1,population/offices.json,verified,Reviewed 2026-09-24
B,provider,Sorrelgate Neurology Clinic,Sorrelgate,generated office,"Practice, clinic and health system names; web search",1,1,population/offices.json,verified,Reviewed 2026-09-24
B,provider,Sorrelhaven Health,Sorrelhaven,generated office,"Practice, clinic and health system names; web search",8,2,population/labs.json; population/offices.json,verified,Reviewed 2026-09-24
B,provider,Sorrelridge Neurological Care,Sorrelridge,generated office,"Practice, clinic and health system names; web search",1,1,population/offices.json,verified,Reviewed 2026-09-24
B,provider,Sorrelshaw Medical Group,Sorrelshaw,generated office,"Practice, clinic and health system names; web search",1,1,population/offices.json,verified,Reviewed 2026-09-24
B,provider,Sorrelstead Neurology,Sorrelstead,generated office,"Practice, clinic and health system names; web search",1,1,population/offices.json,verified,Reviewed 2026-09-24
B,provider,Sorrelworth Neurology Associates,Sorrelworth,generated office,"Practice, clinic and health system names; web search",1,1,population/offices.json,verified,Reviewed 2026-09-24
B,provider,Tamarack Ferry Neurology,Tamarack Ferry,account in crm/field-force.json,"Practice, clinic and health system names; web search",1,1,crm/field-force.json,verified,Reviewed 2026-09-24
B,provider,Tansycombe Neurological Care,Tansycombe,generated office,"Practice, clinic and health system names; web search",1,1,population/offices.json,verified,Reviewed 2026-09-24
B,provider,Tansyford Neurology Center,Tansyford,generated office,"Practice, clinic and health system names; web search",3,2,population/labs.json; population/offices.json,verified,Reviewed 2026-09-24
B,provider,Tansyhaven Neurology,Tansyhaven,generated office,"Practice, clinic and health system names; web search",1,1,population/offices.json,verified,Reviewed 2026-09-24
B,provider,Tansyhithe Health,Tansyhithe,generated office,"Practice, clinic and health system names; web search",3,2,population/labs.json; population/offices.json,verified,Reviewed 2026-09-24
B,provider,Tansyshaw Neurology Associates,Tansyshaw,generated office,"Practice, clinic and health system names; web search",1,1,population/offices.json,verified,Reviewed 2026-09-24
B,provider,Tansywick Neurology Associates,Tansywick,generated office,"Practice, clinic and health system names; web search",1,1,population/offices.json,verified,Reviewed 2026-09-24
B,provider,Tarrow Neck Neurology,Tarrow Neck,account in crm/field-force.json,"Practice, clinic and health system names; web search",1,1,crm/field-force.json,verified,Reviewed 2026-09-24
B,provider,Teaselhaven Neurological Care,Teaselhaven,generated office,"Practice, clinic and health system names; web search",1,1,population/offices.json,verified,Reviewed 2026-09-24
B,provider,Thistlecrest Neurology Clinic,Thistlecrest,generated office,"Practice, clinic and health system names; web search",1,1,population/offices.json,verified,Reviewed 2026-09-24
B,provider,Thistlehaven Medical Group,Thistlehaven,generated office,"Practice, clinic and health system names; web search",2,2,population/labs.json; population/offices.json,verified,Reviewed 2026-09-24
B,provider,Thistlehollow Neurology Center,Thistlehollow,generated office,"Practice, clinic and health system names; web search",2,2,population/labs.json; population/offices.json,verified,Reviewed 2026-09-24
B,provider,Whinmoor Neurology Associates,Whinmoor,generated office,"Practice, clinic and health system names; web search",1,1,population/offices.json,verified,Reviewed 2026-09-24
B,provider,Whinshaw Neurology Clinic,Whinshaw,generated office,"Practice, clinic and health system names; web search",1,1,population/offices.json,verified,Reviewed 2026-09-24
B,provider,Wickham Bridge Community Clinic,Wickham Bridge,account in crm/field-force.json,"Practice, clinic and health system names; web search",1,1,crm/field-force.json,verified,Reviewed 2026-09-24
B,provider,Wrencrest Community Health Center,Wrencrest,generated office,"Practice, clinic and health system names; web search",1,1,population/offices.json,verified,Reviewed 2026-09-24
B,provider,Wrenfell Family Health Center,Wrenfell,generated office,"Practice, clinic and health system names; web search",1,1,population/offices.json,verified,Reviewed 2026-09-24
B,provider,Wrenhithe Medical Group,Wrenhithe,generated office,"Practice, clinic and health system names; web search",1,1,population/offices.json,verified,Reviewed 2026-09-24
B,provider,Wrenhurst Neurology,Wrenhurst,generated office,"Practice, clinic and health system names; web search",1,1,population/offices.json,verified,Reviewed 2026-09-24
B,provider,Wrenmoor Neurological Care,Wrenmoor,generated office,"Practice, clinic and health system names; web search",1,1,population/offices.json,verified,Reviewed 2026-09-24
B,provider,Wrenshaw Neurology Clinic,Wrenshaw,generated office,"Practice, clinic and health system names; web search",1,1,population/offices.json,verified,Reviewed 2026-09-24
B,provider,Wyeholm Neurology,Wyeholm,account in crm/field-force.json,"Practice, clinic and health system names; web search",1,1,crm/field-force.json,verified,Reviewed 2026-09-24
B,provider,Yarrowdale Medical Group,Yarrowdale,generated office,"Practice, clinic and health system names; web search",2,2,population/labs.json; population/offices.json,verified,Reviewed 2026-09-24
B,provider,Yarrowford Health,Yarrowford,generated office,"Practice, clinic and health system names; web search",4,2,population/labs.json; population/offices.json,verified,Reviewed 2026-09-24
B,provider,Yarrowhollow Health,Yarrowhollow,generated office,"Practice, clinic and health system names; web search",5,2,population/labs.json; population/offices.json,verified,Reviewed 2026-09-24
B,lab,Bitterncombe Diagnostics,Bitterncombe,generated lab,Laboratory names; web search,1,1,population/labs.json,verified,Reviewed 2026-09-24
B,lab,Bitterngate Pathology Services,Bitterngate,generated lab,Laboratory names; web search,1,1,population/labs.json,verified,Reviewed 2026-09-24
B,lab,Burdockmoor Regional Laboratory,Burdockmoor,generated lab,Laboratory names; web search,1,1,population/labs.json,verified,Reviewed 2026-09-24
B,lab,Cinderfell Clinical Laboratories,Cinderfell,generated lab,Laboratory names; web search,1,1,population/labs.json,verified,Reviewed 2026-09-24
B,lab,Cinderford Regional Laboratory,Cinderford,generated lab,Laboratory names; web search,1,1,population/labs.json,verified,Reviewed 2026-09-24
B,lab,Junipervale Clinical Laboratories,Junipervale,generated lab,Laboratory names; web search,1,1,population/labs.json,verified,Reviewed 2026-09-24
B,lab,Kestrelhurst Laboratories,Kestrelhurst,generated lab,Laboratory names; web search,1,1,population/labs.json,verified,Reviewed 2026-09-24
B,lab,Lindenhaven Regional Laboratory,Lindenhaven,generated lab,Laboratory names; web search,1,1,population/labs.json,verified,Reviewed 2026-09-24
B,lab,Lindenshaw Diagnostics,Lindenshaw,generated lab,Laboratory names; web search,1,1,population/labs.json,verified,Reviewed 2026-09-24
B,lab,Nettleshaw Regional Laboratory,Nettleshaw,generated lab,Laboratory names; web search,1,1,population/labs.json,verified,Reviewed 2026-09-24
B,lab,Ploverworth Pathology Services,Ploverworth,generated lab,Laboratory names; web search,1,1,population/labs.json,verified,Reviewed 2026-09-24
B,lab,Quillridge Regional Laboratory,Quillridge,generated lab,Laboratory names; web search,1,1,population/labs.json,verified,Reviewed 2026-09-24
B,lab,Quillwick Regional Laboratory,Quillwick,generated lab,Laboratory names; web search,1,1,population/labs.json,verified,Reviewed 2026-09-24
B,lab,Rowanhurst Clinical Laboratories,Rowanhurst,generated lab,Laboratory names; web search,1,1,population/labs.json,verified,Reviewed 2026-09-24
B,lab,Rowanstead Regional Laboratory,Rowanstead,generated lab,Laboratory names; web search,1,1,population/labs.json,verified,Reviewed 2026-09-24
B,lab,Rowanworth Regional Laboratory,Rowanworth,generated lab,Laboratory names; web search,1,1,population/labs.json,verified,Reviewed 2026-09-24
B,lab,Sablevale Clinical Laboratories,Sablevale,generated lab,Laboratory names; web search,1,1,population/labs.json,verified,Reviewed 2026-09-24
B,lab,Sedgestead Pathology Services,Sedgestead,generated lab,Laboratory names; web search,1,1,population/labs.json,verified,Reviewed 2026-09-24
B,lab,Sloemoor Clinical Laboratories,Sloemoor,generated lab,Laboratory names; web search,1,1,population/labs.json,verified,Reviewed 2026-09-24
B,lab,Sorrelgate Clinical Laboratories,Sorrelgate,generated lab,Laboratory names; web search,1,1,population/labs.json,verified,Reviewed 2026-09-24
B,lab,Thistledale Clinical Laboratories,Thistledale,generated lab,Laboratory names; web search,1,1,population/labs.json,verified,Reviewed 2026-09-24
B,lab,Thistleworth Clinical Laboratories,Thistleworth,generated lab,Laboratory names; web search,1,1,population/labs.json,verified,Reviewed 2026-09-24
B,lab,Whinvale Regional Laboratory,Whinvale,generated lab,Laboratory names; web search,1,1,population/labs.json,verified,Reviewed 2026-09-24
B,lab,Wrenmere Clinical Laboratories,Wrenmere,generated lab,Laboratory names; web search,1,1,population/labs.json,verified,Reviewed 2026-09-24
B,lab,Wrenmoor Diagnostics,Wrenmoor,generated lab,Laboratory names; web search,1,1,population/labs.json,verified,Reviewed 2026-09-24
B,supply_chain,Hollins Vale Packaging,Hollins Vale,contract packager,Logistics and packaging company names; web search,2,2,README.md; channel/trading-partners.json,verified,Reviewed 2026-09-24
B,supply_chain,Pellwood Logistics,Pellwood,3pl,Logistics and packaging company names; web search,2,2,README.md; channel/trading-partners.json,verified,Reviewed 2026-09-24
